SAMPLEMONTH,SAMPLEDAY,STARTFL,ENDFL,LENGTHRUN
12,8,172,270,F
12,9,174,270,F
12,10,175,270,F
12,11,176,270,F
12,12,177,270,F
12,13,178,270,F
12,14,179,270,F
12,15,181,270,F
12,16,182,270,F
12,17,183,270,F
12,18,184,270,F
12,19,185,270,F
12,20,187,270,F
12,21,188,270,F
12,22,189,270,F
12,23,190,270,F
12,24,192,270,F
12,25,193,270,F
12,26,194,270,F
12,27,195,270,F
12,28,197,270,F
12,29,198,270,F
12,30,199,270,F
12,31,201,270,F
1,1,202,270,F
1,2,203,270,F
1,3,205,270,F
1,4,206,270,F
1,5,207,270,F
1,6,209,270,F
1,7,210,270,F
1,8,211,270,F
1,9,213,270,F
1,10,214,270,F
1,11,216,270,F
1,12,217,270,F
1,13,218,270,F
1,14,220,270,F
1,15,221,270,F
1,16,223,270,F
1,17,224,270,F
1,18,226,270,F
1,19,227,270,F
1,20,229,270,F
1,21,230,270,F
1,22,232,270,F
1,23,233,270,F
1,24,235,270,F
1,25,236,270,F
1,26,238,270,F
1,27,239,270,F
1,28,241,270,F
1,29,243,270,F
1,30,244,270,F
1,31,246,270,F
2,1,247,270,F
2,2,249,270,F
2,3,251,270,F
2,4,252,270,F
2,5,254,270,F
2,6,256,270,F
2,7,257,270,F
2,8,259,270,F
2,9,261,270,F
2,10,262,270,F
2,11,264,270,F
2,12,266,270,F
2,13,268,270,F
2,14,269,270,F
2,15,270,270,F
4,1,0,33,L
4,2,0,33,L
4,3,0,34,L
4,4,0,34,L
4,5,0,34,L
4,6,0,34,L
4,7,0,34,L
4,8,0,35,L
4,9,0,35,L
4,10,0,35,L
4,11,0,35,L
4,12,0,36,L
4,13,0,36,L
4,14,0,36,L
4,15,0,36,L
4,16,0,37,L
4,17,0,37,L
4,18,0,37,L
4,19,0,37,L
4,20,0,38,L
4,21,0,38,L
4,22,0,38,L
4,23,0,38,L
4,24,0,39,L
4,25,0,39,L
4,26,0,39,L
4,27,0,39,L
4,28,0,40,L
4,29,0,40,L
4,30,0,40,L
5,1,0,40,L
5,2,0,41,L
5,3,0,41,L
5,4,0,41,L
5,5,0,41,L
5,6,0,42,L
5,7,0,42,L
5,8,0,42,L
5,9,0,43,L
5,10,0,43,L
5,11,0,43,L
5,12,0,43,L
5,13,0,44,L
5,14,0,44,L
5,15,0,44,L
5,16,0,45,L
5,17,0,45,L
5,18,0,45,L
5,19,0,45,L
5,20,0,46,L
5,21,0,46,L
5,22,0,46,L
5,23,0,47,L
5,24,0,47,L
5,25,0,47,L
5,26,0,48,L
5,27,0,48,L
5,28,0,48,L
5,29,0,49,L
5,30,0,49,L
5,31,0,49,L
6,1,0,50,L
6,2,0,50,L
6,3,0,50,L
6,4,0,50,L
6,5,0,51,L
6,6,0,51,L
6,7,0,51,L
6,8,0,52,L
6,9,0,52,L
6,10,0,53,L
6,11,0,53,L
6,12,0,53,L
6,13,0,54,L
6,14,0,54,L
6,15,0,54,L
6,16,0,55,L
6,17,0,55,L
6,18,0,55,L
6,19,0,56,L
6,20,0,56,L
6,21,0,56,L
6,22,0,57,L
6,23,0,57,L
6,24,0,58,L
6,25,0,58,L
6,26,0,58,L
6,27,0,59,L
6,28,0,59,L
6,29,0,59,L
6,30,0,60,L
7,1,33,60,L
7,2,33,61,L
7,3,34,61,L
7,4,34,61,L
7,5,34,62,L
7,6,34,62,L
7,7,34,63,L
7,8,35,63,L
7,9,35,64,L
7,10,35,64,L
7,11,35,64,L
7,12,36,65,L
7,13,36,65,L
7,14,36,66,L
7,15,36,66,L
7,16,37,67,L
7,17,37,67,L
7,18,37,67,L
7,19,37,68,L
7,20,38,68,L
7,21,38,69,L
7,22,38,69,L
7,23,38,70,L
7,24,39,70,L
7,25,39,71,L
7,26,39,71,L
7,27,39,72,L
7,28,40,72,L
7,29,40,72,L
7,30,40,73,L
7,31,40,73,L
8,1,41,74,L
8,2,41,74,L
8,3,41,75,L
8,4,41,75,L
8,5,42,76,L
8,6,42,76,L
8,7,42,77,L
8,8,43,77,L
8,9,43,78,L
8,10,43,78,L
8,11,43,79,L
8,12,44,79,L
8,13,44,80,L
8,14,44,80,L
8,15,45,81,L
8,16,45,82,L
8,17,45,82,L
8,18,45,83,L
8,19,46,83,L
8,20,46,84,L
8,21,46,84,L
8,22,47,85,L
8,23,47,85,L
8,24,47,86,L
8,25,48,87,L
8,26,48,87,L
8,27,48,88,L
8,28,49,88,L
8,29,49,89,L
8,30,49,89,L
8,31,50,90,L
9,1,50,91,L
9,2,50,91,L
9,3,50,92,L
9,4,51,92,L
9,5,51,93,L
9,6,51,94,L
9,7,52,94,L
9,8,52,95,L
9,9,53,95,L
9,10,53,96,L
9,11,53,97,L
9,12,54,97,L
9,13,54,98,L
9,14,54,99,L
9,15,55,99,L
9,16,55,100,L
9,17,55,101,L
9,18,56,101,L
9,19,56,102,L
9,20,56,103,L
9,21,57,103,L
9,22,57,104,L
9,23,58,105,L
9,24,58,105,L
9,25,58,106,L
9,26,59,107,L
9,27,59,107,L
9,28,59,108,L
9,29,60,109,L
9,30,60,110,L
10,1,61,110,L
10,2,61,111,L
10,3,61,112,L
10,4,62,112,L
10,5,62,113,L
10,6,63,114,L
10,7,63,115,L
10,8,64,115,L
10,9,64,116,L
10,10,64,117,L
10,11,65,118,L
10,12,65,119,L
10,13,66,119,L
10,14,66,120,L
10,15,67,121,L
10,16,67,122,L
10,17,67,123,L
10,18,68,123,L
10,19,68,124,L
10,20,69,125,L
10,21,69,126,L
10,22,70,127,L
10,23,70,127,L
10,24,71,128,L
10,25,71,129,L
10,26,72,130,L
10,27,72,131,L
10,28,72,132,L
10,29,73,133,L
10,30,73,133,L
10,31,74,134,L
11,1,74,135,L
11,2,75,136,L
11,3,75,137,L
11,4,76,138,L
11,5,76,139,L
11,6,77,140,L
11,7,77,141,L
11,8,78,142,L
11,9,78,143,L
11,10,79,143,L
11,11,79,144,L
11,12,80,145,L
11,13,80,146,L
11,14,81,147,L
11,15,82,148,L
11,16,82,149,L
11,17,83,150,L
11,18,83,151,L
11,19,84,152,L
11,20,84,153,L
11,21,85,154,L
11,22,85,155,L
11,23,86,156,L
11,24,87,157,L
11,25,87,158,L
11,26,88,159,L
11,27,88,160,L
11,28,89,161,L
11,29,89,163,L
11,30,90,164,L
12,1,91,165,L
12,2,91,166,L
12,3,92,167,L
12,4,92,168,L
12,5,93,169,L
12,6,94,170,L
12,7,94,171,L
12,8,95,172,L
12,9,95,174,L
12,10,96,175,L
12,11,97,176,L
12,12,97,177,L
12,13,98,178,L
12,14,99,179,L
12,15,99,181,L
12,16,100,182,L
12,17,101,183,L
12,18,101,184,L
12,19,102,185,L
12,20,103,187,L
12,21,103,188,L
12,22,104,189,L
12,23,105,190,L
12,24,105,192,L
12,25,106,193,L
12,26,107,194,L
12,27,107,195,L
12,28,108,197,L
12,29,109,198,L
12,30,110,199,L
12,31,110,201,L
1,1,111,202,L
1,2,112,203,L
1,3,112,205,L
1,4,113,206,L
1,5,114,207,L
1,6,115,209,L
1,7,115,210,L
1,8,116,211,L
1,9,117,213,L
1,10,118,214,L
1,11,119,216,L
1,12,119,217,L
1,13,120,218,L
1,14,121,220,L
1,15,122,221,L
1,16,123,223,L
1,17,123,224,L
1,18,124,226,L
1,19,125,227,L
1,20,126,229,L
1,21,127,230,L
1,22,127,232,L
1,23,128,233,L
1,24,129,235,L
1,25,130,236,L
1,26,131,238,L
1,27,132,239,L
1,28,133,241,L
1,29,133,243,L
1,30,134,244,L
1,31,135,246,L
2,1,136,247,L
2,2,137,249,L
2,3,138,251,L
2,4,139,252,L
2,5,140,254,L
2,6,141,256,L
2,7,142,257,L
2,8,143,259,L
2,9,143,261,L
2,10,144,262,L
2,11,145,264,L
2,12,146,266,L
2,13,147,268,L
2,14,148,269,L
2,15,149,270,L
2,16,150,270,L
2,17,151,270,L
2,18,152,270,L
2,19,153,270,L
2,20,154,270,L
2,21,155,270,L
2,22,156,270,L
2,23,157,270,L
2,24,158,270,L
2,25,159,270,L
2,26,160,270,L
2,27,161,270,L
2,28,163,270,L
2,29,163,270,L
3,1,164,270,L
3,2,165,270,L
3,3,166,270,L
3,4,167,270,L
3,5,168,270,L
3,6,169,270,L
3,7,170,270,L
3,8,171,270,L
3,9,172,270,L
3,10,174,270,L
3,11,175,270,L
3,12,176,270,L
3,13,177,270,L
3,14,178,270,L
3,15,179,270,L
3,16,181,270,L
3,17,182,270,L
3,18,183,270,L
3,19,184,270,L
3,20,185,270,L
3,21,187,270,L
3,22,188,270,L
3,23,189,270,L
3,24,190,270,L
3,25,192,270,L
3,26,193,270,L
3,27,194,270,L
3,28,195,270,L
3,29,197,270,L
3,30,198,270,L
3,31,199,270,L
4,1,201,270,L
4,2,202,270,L
4,3,203,270,L
4,4,205,270,L
4,5,206,270,L
4,6,207,270,L
4,7,209,270,L
4,8,210,270,L
4,9,211,270,L
4,10,213,270,L
4,11,214,270,L
4,12,216,270,L
4,13,217,270,L
4,14,218,270,L
4,15,220,270,L
4,16,221,270,L
4,17,223,270,L
4,18,224,270,L
4,19,226,270,L
4,20,227,270,L
4,21,229,270,L
4,22,230,270,L
4,23,232,270,L
4,24,233,270,L
4,25,235,270,L
4,26,236,270,L
4,27,238,270,L
4,28,239,270,L
4,29,241,270,L
4,30,243,270,L
5,1,244,270,L
5,2,246,270,L
5,3,247,270,L
5,4,249,270,L
5,5,251,270,L
5,6,252,270,L
5,7,254,270,L
5,8,256,270,L
5,9,257,270,L
5,10,259,270,L
5,11,261,270,L
5,12,262,270,L
5,13,264,270,L
5,14,266,270,L
5,15,268,270,L
5,16,269,270,L
10,16,0,33,S
10,17,0,33,S
10,18,0,34,S
10,19,0,34,S
10,20,0,34,S
10,21,0,34,S
10,22,0,34,S
10,23,0,35,S
10,24,0,35,S
10,25,0,35,S
10,26,0,35,S
10,27,0,36,S
10,28,0,36,S
10,29,0,36,S
10,30,0,36,S
10,31,0,37,S
11,1,0,37,S
11,2,0,37,S
11,3,0,37,S
11,4,0,38,S
11,5,0,38,S
11,6,0,38,S
11,7,0,38,S
11,8,0,39,S
11,9,0,39,S
11,10,0,39,S
11,11,0,39,S
11,12,0,40,S
11,13,0,40,S
11,14,0,40,S
11,15,0,40,S
11,16,0,41,S
11,17,0,41,S
11,18,0,41,S
11,19,0,41,S
11,20,0,42,S
11,21,0,42,S
11,22,0,42,S
11,23,0,43,S
11,24,0,43,S
11,25,0,43,S
11,26,0,43,S
11,27,0,44,S
11,28,0,44,S
11,29,0,44,S
11,30,0,45,S
12,1,33,45,S
12,2,33,45,S
12,3,34,45,S
12,4,34,46,S
12,5,34,46,S
12,6,34,46,S
12,7,34,47,S
12,8,35,47,S
12,9,35,47,S
12,10,35,48,S
12,11,35,48,S
12,12,36,48,S
12,13,36,49,S
12,14,36,49,S
12,15,36,49,S
12,16,37,50,S
12,17,37,50,S
12,18,37,50,S
12,19,37,50,S
12,20,38,51,S
12,21,38,51,S
12,22,38,51,S
12,23,38,52,S
12,24,39,52,S
12,25,39,53,S
12,26,39,53,S
12,27,39,53,S
12,28,40,54,S
12,29,40,54,S
12,30,40,54,S
12,31,40,55,S
1,1,41,55,S
1,2,41,55,S
1,3,41,56,S
1,4,41,56,S
1,5,42,56,S
1,6,42,57,S
1,7,42,57,S
1,8,43,58,S
1,9,43,58,S
1,10,43,58,S
1,11,43,59,S
1,12,44,59,S
1,13,44,59,S
1,14,44,60,S
1,15,45,60,S
1,16,45,61,S
1,17,45,61,S
1,18,45,61,S
1,19,46,62,S
1,20,46,62,S
1,21,46,63,S
1,22,47,63,S
1,23,47,64,S
1,24,47,64,S
1,25,48,64,S
1,26,48,65,S
1,27,48,65,S
1,28,49,66,S
1,29,49,66,S
1,30,49,67,S
1,31,50,67,S
2,1,50,67,S
2,2,50,68,S
2,3,50,68,S
2,4,51,69,S
2,5,51,69,S
2,6,51,70,S
2,7,52,70,S
2,8,52,71,S
2,9,53,71,S
2,10,53,72,S
2,11,53,72,S
2,12,54,72,S
2,13,54,73,S
2,14,54,73,S
2,15,55,74,S
2,16,55,74,S
2,17,55,75,S
2,18,56,75,S
2,19,56,76,S
2,20,56,76,S
2,21,57,77,S
2,22,57,77,S
2,23,58,78,S
2,24,58,78,S
2,25,58,79,S
2,26,59,79,S
2,27,59,80,S
2,28,59,80,S
2,29,60,81,S
3,1,60,81,S
3,2,60,82,S
3,3,61,82,S
3,4,61,83,S
3,5,61,83,S
3,6,62,84,S
3,7,62,84,S
3,8,63,85,S
3,9,63,85,S
3,10,64,86,S
3,11,64,87,S
3,12,64,87,S
3,13,65,88,S
3,14,65,88,S
3,15,66,89,S
3,16,66,89,S
3,17,67,90,S
3,18,67,91,S
3,19,67,91,S
3,20,68,92,S
3,21,68,92,S
3,22,69,93,S
3,23,69,94,S
3,24,70,94,S
3,25,70,95,S
3,26,71,95,S
3,27,71,96,S
3,28,72,97,S
3,29,72,97,S
3,30,72,98,S
3,31,73,99,S
4,1,73,99,S
4,2,74,100,S
4,3,74,101,S
4,4,75,101,S
4,5,75,102,S
4,6,76,103,S
4,7,76,103,S
4,8,77,104,S
4,9,77,105,S
4,10,78,105,S
4,11,78,106,S
4,12,79,107,S
4,13,79,107,S
4,14,80,108,S
4,15,80,109,S
4,16,81,110,S
4,17,82,110,S
4,18,82,111,S
4,19,83,112,S
4,20,83,112,S
4,21,84,113,S
4,22,84,114,S
4,23,85,115,S
4,24,85,115,S
4,25,86,116,S
4,26,87,117,S
4,27,87,118,S
4,28,88,119,S
4,29,88,119,S
4,30,89,120,S
5,1,89,121,S
5,2,90,122,S
5,3,91,123,S
5,4,91,123,S
5,5,92,124,S
5,6,92,125,S
5,7,93,126,S
5,8,94,127,S
5,9,94,127,S
5,10,95,128,S
5,11,95,129,S
5,12,96,130,S
5,13,97,131,S
5,14,97,132,S
5,15,98,133,S
5,16,99,133,S
5,17,99,134,S
5,18,100,135,S
5,19,101,136,S
5,20,101,137,S
5,21,102,138,S
5,22,103,139,S
5,23,103,140,S
5,24,104,141,S
5,25,105,142,S
5,26,105,143,S
5,27,106,143,S
5,28,107,144,S
5,29,107,145,S
5,30,108,146,S
5,31,109,147,S
6,1,110,148,S
6,2,110,149,S
6,3,111,150,S
6,4,112,151,S
6,5,112,152,S
6,6,113,153,S
6,7,114,154,S
6,8,115,155,S
6,9,115,156,S
6,10,116,157,S
6,11,117,158,S
6,12,118,159,S
6,13,119,160,S
6,14,119,161,S
6,15,120,163,S
6,16,121,164,S
6,17,122,165,S
6,18,123,166,S
6,19,123,167,S
6,20,124,168,S
6,21,125,169,S
6,22,126,170,S
6,23,127,171,S
6,24,127,172,S
6,25,128,174,S
6,26,129,175,S
6,18,55,123,F
6,19,56,123,F
6,20,56,124,F
6,21,56,125,F
6,22,57,126,F
6,23,57,127,F
6,24,58,127,F
6,25,58,128,F
6,26,58,129,F
6,27,59,130,F
6,28,59,131,F
6,29,59,132,F
6,30,60,133,F
7,1,60,133,F
7,2,61,134,F
7,3,61,135,F
7,4,61,136,F
7,5,62,137,F
7,6,62,138,F
7,7,63,139,F
7,8,63,140,F
7,9,64,141,F
7,10,64,142,F
7,11,64,143,F
7,12,65,143,F
7,13,65,144,F
7,14,66,145,F
7,15,66,146,F
7,16,67,147,F
7,17,67,148,F
7,18,67,149,F
7,19,68,150,F
7,20,68,151,F
7,21,69,152,F
7,22,69,153,F
7,23,70,154,F
7,24,70,155,F
7,25,71,156,F
7,26,71,157,F
7,27,72,158,F
7,28,72,159,F
7,29,72,160,F
7,30,73,161,F
7,31,73,163,F
8,1,74,164,F
8,2,74,165,F
8,3,75,166,F
8,4,75,167,F
8,5,76,168,F
8,6,76,169,F
8,7,77,170,F
8,8,77,171,F
8,9,78,172,F
8,10,78,174,F
8,11,79,175,F
8,12,79,176,F
8,13,80,177,F
8,14,80,178,F
8,15,81,179,F
8,16,82,181,F
8,17,82,182,F
8,18,83,183,F
8,19,83,184,F
8,20,84,185,F
8,21,84,187,F
8,22,85,188,F
8,23,85,189,F
8,24,86,190,F
8,25,87,192,F
8,26,87,193,F
8,27,88,194,F
8,28,88,195,F
8,29,89,197,F
8,30,89,198,F
8,31,90,199,F
9,1,91,201,F
9,2,91,202,F
9,3,92,203,F
9,4,92,205,F
9,5,93,206,F
9,6,94,207,F
9,7,94,209,F
9,8,95,210,F
9,9,95,211,F
9,10,96,213,F
9,11,97,214,F
9,12,97,216,F
9,13,98,217,F
9,14,99,218,F
9,15,99,220,F
9,16,100,221,F
9,17,101,223,F
9,18,101,224,F
9,19,102,226,F
9,20,103,227,F
9,21,103,229,F
9,22,104,230,F
9,23,105,232,F
9,24,105,233,F
9,25,106,235,F
9,26,107,236,F
9,27,107,238,F
9,28,108,239,F
9,29,109,241,F
9,30,110,243,F
10,1,110,244,F
10,2,111,246,F
10,3,112,247,F
10,4,112,249,F
10,5,113,251,F
10,6,114,252,F
10,7,115,254,F
10,8,115,256,F
10,9,116,257,F
10,10,117,259,F
10,11,118,261,F
10,12,119,262,F
10,13,119,264,F
10,14,120,266,F
10,15,121,268,F
10,16,122,269,F
10,17,123,270,F
10,18,123,270,F
10,19,124,270,F
10,20,125,270,F
10,21,126,270,F
10,22,127,270,F
10,23,127,270,F
10,24,128,270,F
10,25,129,270,F
10,26,130,270,F
10,27,131,270,F
10,28,132,270,F
10,29,133,270,F
10,30,133,270,F
10,31,134,270,F
11,1,135,270,F
11,2,136,270,F
11,3,137,270,F
11,4,138,270,F
11,5,139,270,F
11,6,140,270,F
11,7,141,270,F
11,8,142,270,F
11,9,143,270,F
11,10,143,270,F
11,11,144,270,F
11,12,145,270,F
11,13,146,270,F
11,14,147,270,F
11,15,148,270,F
11,16,149,270,F
11,17,150,270,F
11,18,151,270,F
11,19,152,270,F
11,20,153,270,F
11,21,154,270,F
11,22,155,270,F
11,23,156,270,F
11,24,157,270,F
11,25,158,270,F
11,26,159,270,F
11,27,160,270,F
11,28,161,270,F
11,29,163,270,F
11,30,164,270,F
12,1,165,270,F
12,2,166,270,F
12,3,167,270,F
12,4,168,270,F
12,5,169,270,F
12,6,170,270,F
12,7,171,270,F
6,27,130,176,S
6,28,131,177,S
6,29,132,178,S
6,30,133,179,S
7,1,133,181,S
7,2,134,182,S
7,3,135,183,S
7,4,136,184,S
7,5,137,185,S
7,6,138,187,S
7,7,139,188,S
7,8,140,189,S
7,9,141,190,S
7,10,142,192,S
7,11,143,193,S
7,12,143,194,S
7,13,144,195,S
7,14,145,197,S
7,15,146,198,S
7,16,147,199,S
7,17,148,201,S
7,18,149,202,S
7,19,150,203,S
7,20,151,205,S
7,21,152,206,S
7,22,153,207,S
7,23,154,209,S
7,24,155,210,S
7,25,156,211,S
7,26,157,213,S
7,27,158,214,S
7,28,159,216,S
7,29,160,217,S
7,30,161,218,S
7,31,163,220,S
8,1,164,221,S
8,2,165,223,S
8,3,166,224,S
8,4,167,226,S
8,5,168,227,S
8,6,169,229,S
8,7,170,230,S
8,8,171,232,S
8,9,172,233,S
8,10,174,235,S
8,11,175,236,S
8,12,176,238,S
8,13,177,239,S
8,14,178,241,S
8,15,179,243,S
8,16,181,244,S
8,17,182,246,S
8,18,183,247,S
8,19,184,249,S
8,20,185,251,S
8,21,187,252,S
8,22,188,254,S
8,23,189,256,S
8,24,190,257,S
8,25,192,259,S
8,26,193,261,S
8,27,194,262,S
8,28,195,264,S
8,29,197,266,S
8,30,198,268,S
8,31,199,269,S
9,1,201,270,S
9,2,202,270,S
9,3,203,270,S
9,4,205,270,S
9,5,206,270,S
9,6,207,270,S
9,7,209,270,S
9,8,210,270,S
9,9,211,270,S
9,10,213,270,S
9,11,214,270,S
9,12,216,270,S
9,13,217,270,S
9,14,218,270,S
9,15,220,270,S
9,16,221,270,S
9,17,223,270,S
9,18,224,270,S
9,19,226,270,S
9,20,227,270,S
9,21,229,270,S
9,22,230,270,S
9,23,232,270,S
9,24,233,270,S
9,25,235,270,S
9,26,236,270,S
9,27,238,270,S
9,28,239,270,S
9,29,241,270,S
9,30,243,270,S
10,1,244,270,S
10,2,246,270,S
10,3,247,270,S
10,4,249,270,S
10,5,251,270,S
10,6,252,270,S
10,7,254,270,S
10,8,256,270,S
10,9,257,270,S
10,10,259,270,S
10,11,261,270,S
10,12,262,270,S
10,13,264,270,S
10,14,266,270,S
10,15,268,270,S
10,16,269,270,S
7,1,0,33,W
7,2,0,33,W
7,3,0,34,W
7,4,0,34,W
7,5,0,34,W
7,6,0,34,W
7,7,0,34,W
7,8,0,35,W
7,9,0,35,W
7,10,0,35,W
7,11,0,35,W
7,12,0,36,W
7,13,0,36,W
7,14,0,36,W
7,15,0,36,W
7,16,0,37,W
7,17,0,37,W
7,18,0,37,W
7,19,0,37,W
7,20,0,38,W
7,21,0,38,W
7,22,0,38,W
7,23,0,38,W
7,24,0,39,W
7,25,0,39,W
7,26,0,39,W
7,27,0,39,W
7,28,0,40,W
7,29,0,40,W
7,30,0,40,W
7,31,0,40,W
8,1,0,41,W
8,2,0,41,W
8,3,0,41,W
8,4,0,41,W
8,5,0,42,W
8,6,0,42,W
8,7,0,42,W
8,8,0,43,W
8,9,0,43,W
8,10,0,43,W
8,11,0,43,W
8,12,0,44,W
8,13,0,44,W
8,14,0,44,W
8,15,0,45,W
8,16,0,45,W
8,17,0,45,W
8,18,0,45,W
8,19,0,46,W
8,20,0,46,W
8,21,0,46,W
8,22,0,47,W
8,23,0,47,W
8,24,0,47,W
8,25,0,48,W
8,26,0,48,W
8,27,0,48,W
8,28,0,49,W
8,29,0,49,W
8,30,0,49,W
8,31,0,50,W
9,1,0,50,W
9,2,0,50,W
9,3,0,50,W
9,4,0,51,W
9,5,0,51,W
9,6,0,51,W
9,7,0,52,W
9,8,0,52,W
9,9,0,53,W
9,10,0,53,W
9,11,0,53,W
9,12,0,54,W
9,13,0,54,W
9,14,0,54,W
9,15,0,55,W
9,16,0,55,W
9,17,0,55,W
9,18,0,56,W
9,19,0,56,W
9,20,0,56,W
9,21,0,57,W
9,22,0,57,W
9,23,0,58,W
9,24,0,58,W
9,25,0,58,W
9,26,0,59,W
9,27,0,59,W
9,28,0,59,W
9,29,0,60,W
9,30,0,60,W
10,1,0,61,W
10,2,0,61,W
10,3,0,61,W
10,4,0,62,W
10,5,0,62,W
10,6,0,63,W
10,7,0,63,W
10,8,0,64,W
10,9,0,64,W
10,10,0,64,W
10,11,0,65,W
10,12,0,65,W
10,13,0,66,W
10,14,0,66,W
10,15,0,67,W
10,16,33,67,W
10,17,33,67,W
10,18,34,68,W
10,19,34,68,W
10,20,34,69,W
10,21,34,69,W
10,22,34,70,W
10,23,35,70,W
10,24,35,71,W
10,25,35,71,W
10,26,35,72,W
10,27,36,72,W
10,28,36,72,W
10,29,36,73,W
10,30,36,73,W
10,31,37,74,W
11,1,37,74,W
11,2,37,75,W
11,3,37,75,W
11,4,38,76,W
11,5,38,76,W
11,6,38,77,W
11,7,38,77,W
11,8,39,78,W
11,9,39,78,W
11,10,39,79,W
11,11,39,79,W
11,12,40,80,W
11,13,40,80,W
11,14,40,81,W
11,15,40,82,W
11,16,41,82,W
11,17,41,83,W
11,18,41,83,W
11,19,41,84,W
11,20,42,84,W
11,21,42,85,W
11,22,42,85,W
11,23,43,86,W
11,24,43,87,W
11,25,43,87,W
11,26,43,88,W
11,27,44,88,W
11,28,44,89,W
11,29,44,89,W
11,30,45,90,W
12,1,45,91,W
12,2,45,91,W
12,3,45,92,W
12,4,46,92,W
12,5,46,93,W
12,6,46,94,W
12,7,47,94,W
12,8,47,95,W
12,9,47,95,W
12,10,48,96,W
12,11,48,97,W
12,12,48,97,W
12,13,49,98,W
12,14,49,99,W
12,15,49,99,W
12,16,50,100,W
12,17,50,101,W
12,18,50,101,W
12,19,50,102,W
12,20,51,103,W
12,21,51,103,W
12,22,51,104,W
12,23,52,105,W
12,24,52,105,W
12,25,53,106,W
12,26,53,107,W
12,27,53,107,W
12,28,54,108,W
12,29,54,109,W
12,30,54,110,W
12,31,55,110,W
1,1,55,111,W
1,2,55,112,W
1,3,56,112,W
1,4,56,113,W
1,5,56,114,W
1,6,57,115,W
1,7,57,115,W
1,8,58,116,W
1,9,58,117,W
1,10,58,118,W
1,11,59,119,W
1,12,59,119,W
1,13,59,120,W
1,14,60,121,W
1,15,60,122,W
1,16,61,123,W
1,17,61,123,W
1,18,61,124,W
1,19,62,125,W
1,20,62,126,W
1,21,63,127,W
1,22,63,127,W
1,23,64,128,W
1,24,64,129,W
1,25,64,130,W
1,26,65,131,W
1,27,65,132,W
1,28,66,133,W
1,29,66,133,W
1,30,67,134,W
1,31,67,135,W
2,1,67,136,W
2,2,68,137,W
2,3,68,138,W
2,4,69,139,W
2,5,69,140,W
2,6,70,141,W
2,7,70,142,W
2,8,71,143,W
2,9,71,143,W
2,10,72,144,W
2,11,72,145,W
2,12,72,146,W
2,13,73,147,W
2,14,73,148,W
2,15,74,149,W
2,16,74,150,W
2,17,75,151,W
2,18,75,152,W
2,19,76,153,W
2,20,76,154,W
2,21,77,155,W
2,22,77,156,W
2,23,78,157,W
2,24,78,158,W
2,25,79,159,W
2,26,79,160,W
2,27,80,161,W
2,28,80,163,W
2,29,81,163,W
3,1,81,164,W
3,2,82,165,W
3,3,82,166,W
3,4,83,167,W
3,5,83,168,W
3,6,84,169,W
3,7,84,170,W
3,8,85,171,W
3,9,85,172,W
3,10,86,174,W
3,11,87,175,W
3,12,87,176,W
3,13,88,177,W
3,14,88,178,W
3,15,89,179,W
3,16,89,181,W
3,17,90,182,W
3,18,91,183,W
3,19,91,184,W
3,20,92,185,W
3,21,92,187,W
3,22,93,188,W
3,23,94,189,W
3,24,94,190,W
3,25,95,192,W
3,26,95,193,W
3,27,96,194,W
3,28,97,195,W
3,29,97,197,W
3,30,98,198,W
3,31,99,199,W
4,1,99,201,W
4,2,100,202,W
4,3,101,203,W
4,4,101,205,W
4,5,102,206,W
4,6,103,207,W
4,7,103,209,W
4,8,104,210,W
4,9,105,211,W
4,10,105,213,W
4,11,106,214,W
4,12,107,216,W
4,13,107,217,W
4,14,108,218,W
4,15,109,220,W
4,16,110,221,W
4,17,110,223,W
4,18,111,224,W
4,19,112,226,W
4,20,112,227,W
4,21,113,229,W
4,22,114,230,W
4,23,115,232,W
4,24,115,233,W
4,25,116,235,W
4,26,117,236,W
4,27,118,238,W
4,28,119,239,W
4,29,119,241,W
4,30,120,243,W
5,1,121,244,W
5,2,122,246,W
5,3,123,247,W
5,4,123,249,W
5,5,124,251,W
5,6,125,252,W
5,7,126,254,W
5,8,127,256,W
5,9,127,257,W
5,10,128,259,W
5,11,129,261,W
5,12,130,262,W
5,13,131,264,W
5,14,132,266,W
5,15,133,268,W
5,16,133,269,W
5,17,134,270,W
5,18,135,270,W
5,19,136,270,W
5,20,137,270,W
5,21,138,270,W
5,22,139,270,W
5,23,140,270,W
5,24,141,270,W
5,25,142,270,W
5,26,143,270,W
5,27,143,270,W
5,28,144,270,W
5,29,145,270,W
5,30,146,270,W
5,31,147,270,W
6,1,148,270,W
6,2,149,270,W
6,3,150,270,W
6,4,151,270,W
6,5,152,270,W
6,6,153,270,W
6,7,154,270,W
6,8,155,270,W
6,9,156,270,W
6,10,157,270,W
6,11,158,270,W
6,12,159,270,W
6,13,160,270,W
6,14,161,270,W
6,15,163,270,W
6,16,164,270,W
6,17,165,270,W
6,18,166,270,W
6,19,167,270,W
6,20,168,270,W
6,21,169,270,W
6,22,170,270,W
6,23,171,270,W
6,24,172,270,W
6,25,174,270,W
6,26,175,270,W
6,27,176,270,W
6,28,177,270,W
6,29,178,270,W
6,30,179,270,W
7,1,181,270,W
7,2,182,270,W
7,3,183,270,W
7,4,184,270,W
7,5,185,270,W
7,6,187,270,W
7,7,188,270,W
7,8,189,270,W
7,9,190,270,W
7,10,192,270,W
7,11,193,270,W
7,12,194,270,W
7,13,195,270,W
7,14,197,270,W
7,15,198,270,W
7,16,199,270,W
7,17,201,270,W
7,18,202,270,W
7,19,203,270,W
7,20,205,270,W
7,21,206,270,W
7,22,207,270,W
7,23,209,270,W
7,24,210,270,W
7,25,211,270,W
7,26,213,270,W
7,27,214,270,W
7,28,216,270,W
7,29,217,270,W
7,30,218,270,W
7,31,220,270,W
8,1,221,270,W
8,2,223,270,W
8,3,224,270,W
8,4,226,270,W
8,5,227,270,W
8,6,229,270,W
8,7,230,270,W
8,8,232,270,W
8,9,233,270,W
8,10,235,270,W
8,11,236,270,W
8,12,238,270,W
8,13,239,270,W
8,14,241,270,W
8,15,243,270,W
8,16,244,270,W
8,17,246,270,W
8,18,247,270,W
8,19,249,270,W
8,20,251,270,W
8,21,252,270,W
8,22,254,270,W
8,23,256,270,W
8,24,257,270,W
8,25,259,270,W
8,26,261,270,W
8,27,262,270,W
8,28,264,270,W
8,29,266,270,W
8,30,268,270,W
8,31,269,270,W
9,1,270,270,W
12,1,0,33,F
12,2,0,33,F
12,3,0,34,F
12,4,0,34,F
12,5,0,34,F
12,6,0,34,F
12,7,0,34,F
12,8,0,35,F
12,9,0,35,F
12,10,0,35,F
12,11,0,35,F
12,12,0,36,F
12,13,0,36,F
12,14,0,36,F
12,15,0,36,F
12,16,0,37,F
12,17,0,37,F
12,18,0,37,F
12,19,0,37,F
12,20,0,38,F
12,21,0,38,F
12,22,0,38,F
12,23,0,38,F
12,24,0,39,F
12,25,0,39,F
12,26,0,39,F
12,27,0,39,F
12,28,0,40,F
12,29,0,40,F
12,30,0,40,F
12,31,0,40,F
1,1,0,41,F
1,2,0,41,F
1,3,0,41,F
1,4,0,41,F
1,5,0,42,F
1,6,0,42,F
1,7,0,42,F
1,8,0,43,F
1,9,0,43,F
1,10,0,43,F
1,11,0,43,F
1,12,0,44,F
1,13,0,44,F
1,14,0,44,F
1,15,0,45,F
1,16,0,45,F
1,17,0,45,F
1,18,0,45,F
1,19,0,46,F
1,20,0,46,F
1,21,0,46,F
1,22,0,47,F
1,23,0,47,F
1,24,0,47,F
1,25,0,48,F
1,26,0,48,F
1,27,0,48,F
1,28,0,49,F
1,29,0,49,F
1,30,0,49,F
1,31,0,50,F
2,1,0,50,F
2,2,0,50,F
2,3,0,50,F
2,4,0,51,F
2,5,0,51,F
2,6,0,51,F
2,7,0,52,F
2,8,0,52,F
2,9,0,53,F
2,10,0,53,F
2,11,0,53,F
2,12,0,54,F
2,13,0,54,F
2,14,0,54,F
2,15,0,55,F
2,16,0,55,F
2,17,0,55,F
2,18,0,56,F
2,19,0,56,F
2,20,0,56,F
2,21,0,57,F
2,22,0,57,F
2,23,0,58,F
2,24,0,58,F
2,25,0,58,F
2,26,0,59,F
2,27,0,59,F
2,28,0,59,F
2,29,0,60,F
3,1,0,60,F
3,2,0,60,F
3,3,0,61,F
3,4,0,61,F
3,5,0,61,F
3,6,0,62,F
3,7,0,62,F
3,8,0,63,F
3,9,0,63,F
3,10,0,64,F
3,11,0,64,F
3,12,0,64,F
3,13,0,65,F
3,14,0,65,F
3,15,0,66,F
3,16,0,66,F
3,17,0,67,F
3,18,0,67,F
3,19,0,67,F
3,20,0,68,F
3,21,0,68,F
3,22,0,69,F
3,23,0,69,F
3,24,0,70,F
3,25,0,70,F
3,26,0,71,F
3,27,0,71,F
3,28,0,72,F
3,29,0,72,F
3,30,0,72,F
3,31,0,73,F
4,1,33,73,F
4,2,33,74,F
4,3,34,74,F
4,4,34,75,F
4,5,34,75,F
4,6,34,76,F
4,7,34,76,F
4,8,35,77,F
4,9,35,77,F
4,10,35,78,F
4,11,35,78,F
4,12,36,79,F
4,13,36,79,F
4,14,36,80,F
4,15,36,80,F
4,16,37,81,F
4,17,37,82,F
4,18,37,82,F
4,19,37,83,F
4,20,38,83,F
4,21,38,84,F
4,22,38,84,F
4,23,38,85,F
4,24,39,85,F
4,25,39,86,F
4,26,39,87,F
4,27,39,87,F
4,28,40,88,F
4,29,40,88,F
4,30,40,89,F
5,1,40,89,F
5,2,41,90,F
5,3,41,91,F
5,4,41,91,F
5,5,41,92,F
5,6,42,92,F
5,7,42,93,F
5,8,42,94,F
5,9,43,94,F
5,10,43,95,F
5,11,43,95,F
5,12,43,96,F
5,13,44,97,F
5,14,44,97,F
5,15,44,98,F
5,16,45,99,F
5,17,45,99,F
5,18,45,100,F
5,19,45,101,F
5,20,46,101,F
5,21,46,102,F
5,22,46,103,F
5,23,47,103,F
5,24,47,104,F
5,25,47,105,F
5,26,48,105,F
5,27,48,106,F
5,28,48,107,F
5,29,49,107,F
5,30,49,108,F
5,31,49,109,F
6,1,50,110,F
6,2,50,110,F
6,3,50,111,F
6,4,50,112,F
6,5,51,112,F
6,6,51,113,F
6,7,51,114,F
6,8,52,115,F
6,9,52,115,F
6,10,53,116,F
6,11,53,117,F
6,12,53,118,F
6,13,54,119,F
6,14,54,119,F
6,15,54,120,F
6,16,55,121,F
6,17,55,122,F